item_id,detail_file,labels,uncovered,notes
g0001,items/g0001.md,,no,
g0002,items/g0002.md,,no,
g0003,items/g0003.md,,no,
g0004,items/g0004.md,,no,
g0005,items/g0005.md,,no,
g0006,items/g0006.md,,no,
g0007,items/g0007.md,,no,
g0008,items/g0008.md,,no,
g0009,items/g0009.md,,no,
g0010,items/g0010.md,,no,
g0011,items/g0011.md,,no,
g0012,items/g0012.md,,no,
g0013,items/g0013.md,,no,
g0014,items/g0014.md,,no,
g0015,items/g0015.md,,no,
g0016,items/g0016.md,,no,
g0017,items/g0017.md,,no,
g0018,items/g0018.md,,no,
g0019,items/g0019.md,,no,
g0020,items/g0020.md,,no,
g0021,items/g0021.md,,no,
g0022,items/g0022.md,,no,
g0023,items/g0023.md,,no,
g0024,items/g0024.md,,no,
g0025,items/g0025.md,,no,
g0026,items/g0026.md,,no,
g0027,items/g0027.md,,no,
g0028,items/g0028.md,,no,
g0029,items/g0029.md,,no,
g0030,items/g0030.md,,no,
g0031,items/g0031.md,,no,
g0032,items/g0032.md,,no,
g0033,items/g0033.md,,no,
g0034,items/g0034.md,,no,
g0035,items/g0035.md,,no,
g0036,items/g0036.md,,no,
g0037,items/g0037.md,,no,
g0038,items/g0038.md,,no,
g0039,items/g0039.md,,no,
g0040,items/g0040.md,,no,
g0041,items/g0041.md,,no,
g0042,items/g0042.md,,no,
g0043,items/g0043.md,,no,
g0044,items/g0044.md,,no,
g0045,items/g0045.md,,no,
g0046,items/g0046.md,,no,
g0047,items/g0047.md,,no,
g0048,items/g0048.md,,no,
g0049,items/g0049.md,,no,
g0050,items/g0050.md,,no,
g0051,items/g0051.md,,no,
g0052,items/g0052.md,,no,
g0053,items/g0053.md,,no,
g0054,items/g0054.md,,no,
g0055,items/g0055.md,,no,
g0056,items/g0056.md,,no,
g0057,items/g0057.md,,no,
g0058,items/g0058.md,,no,
g0059,items/g0059.md,,no,
g0060,items/g0060.md,,no,
g0061,items/g0061.md,,no,
g0062,items/g0062.md,,no,
g0063,items/g0063.md,,no,
g0064,items/g0064.md,,no,
g0065,items/g0065.md,,no,
g0066,items/g0066.md,,no,
g0067,items/g0067.md,,no,
g0068,items/g0068.md,,no,
g0069,items/g0069.md,,no,
g0070,items/g0070.md,,no,
g0071,items/g0071.md,,no,
g0072,items/g0072.md,,no,
g0073,items/g0073.md,,no,
g0074,items/g0074.md,,no,
g0075,items/g0075.md,,no,
g0076,items/g0076.md,,no,
g0077,items/g0077.md,,no,
g0078,items/g0078.md,,no,
g0079,items/g0079.md,,no,
g0080,items/g0080.md,,no,
g0081,items/g0081.md,,no,
g0082,items/g0082.md,,no,
g0083,items/g0083.md,,no,
g0084,items/g0084.md,,no,
g0085,items/g0085.md,,no,
g0086,items/g0086.md,,no,
g0087,items/g0087.md,,no,
g0088,items/g0088.md,,no,
g0089,items/g0089.md,,no,
g0090,items/g0090.md,,no,
g0091,items/g0091.md,,no,
g0092,items/g0092.md,,no,
g0093,items/g0093.md,,no,
g0094,items/g0094.md,,no,
g0095,items/g0095.md,,no,
g0096,items/g0096.md,,no,
g0097,items/g0097.md,,no,
g0098,items/g0098.md,,no,
g0099,items/g0099.md,,no,
g0100,items/g0100.md,,no,
g0101,items/g0101.md,,no,
g0102,items/g0102.md,,no,
g0103,items/g0103.md,,no,
g0104,items/g0104.md,,no,
g0105,items/g0105.md,,no,
g0106,items/g0106.md,,no,
g0107,items/g0107.md,,no,
g0108,items/g0108.md,,no,
g0109,items/g0109.md,,no,
g0110,items/g0110.md,,no,
g0111,items/g0111.md,,no,
g0112,items/g0112.md,,no,
g0113,items/g0113.md,,no,
g0114,items/g0114.md,,no,
g0115,items/g0115.md,,no,
g0116,items/g0116.md,,no,
g0117,items/g0117.md,,no,
g0118,items/g0118.md,,no,
g0119,items/g0119.md,,no,
g0120,items/g0120.md,,no,
g0121,items/g0121.md,,no,
g0122,items/g0122.md,,no,
g0123,items/g0123.md,,no,
g0124,items/g0124.md,,no,
g0125,items/g0125.md,,no,
g0126,items/g0126.md,,no,
g0127,items/g0127.md,,no,
g0128,items/g0128.md,,no,
g0129,items/g0129.md,,no,
g0130,items/g0130.md,,no,
g0131,items/g0131.md,,no,
g0132,items/g0132.md,,no,
g0133,items/g0133.md,,no,
g0134,items/g0134.md,,no,
g0135,items/g0135.md,,no,
g0136,items/g0136.md,,no,
g0137,items/g0137.md,,no,
g0138,items/g0138.md,,no,
g0139,items/g0139.md,,no,
g0140,items/g0140.md,,no,
g0141,items/g0141.md,,no,
g0142,items/g0142.md,,no,
g0143,items/g0143.md,,no,
g0144,items/g0144.md,,no,
g0145,items/g0145.md,,no,
g0146,items/g0146.md,,no,
g0147,items/g0147.md,,no,
g0148,items/g0148.md,,no,
g0149,items/g0149.md,,no,
g0150,items/g0150.md,,no,
g0151,items/g0151.md,,no,
g0152,items/g0152.md,,no,
g0153,items/g0153.md,,no,
g0154,items/g0154.md,,no,
g0155,items/g0155.md,,no,
g0156,items/g0156.md,,no,
g0157,items/g0157.md,,no,
g0158,items/g0158.md,,no,
g0159,items/g0159.md,,no,
g0160,items/g0160.md,,no,
g0161,items/g0161.md,,no,
g0162,items/g0162.md,,no,
g0163,items/g0163.md,,no,
g0164,items/g0164.md,,no,
g0165,items/g0165.md,,no,
g0166,items/g0166.md,,no,
g0167,items/g0167.md,,no,
g0168,items/g0168.md,,no,
g0169,items/g0169.md,,no,
g0170,items/g0170.md,,no,
g0171,items/g0171.md,,no,
g0172,items/g0172.md,,no,
g0173,items/g0173.md,,no,
g0174,items/g0174.md,,no,
g0175,items/g0175.md,,no,
g0176,items/g0176.md,,no,
g0177,items/g0177.md,,no,
g0178,items/g0178.md,,no,
g0179,items/g0179.md,,no,
g0180,items/g0180.md,,no,
g0181,items/g0181.md,,no,
g0182,items/g0182.md,,no,
g0183,items/g0183.md,,no,
g0184,items/g0184.md,,no,
g0185,items/g0185.md,,no,
g0186,items/g0186.md,,no,
g0187,items/g0187.md,,no,
g0188,items/g0188.md,,no,
g0189,items/g0189.md,,no,
g0190,items/g0190.md,,no,
g0191,items/g0191.md,,no,
g0192,items/g0192.md,,no,
g0193,items/g0193.md,,no,
g0194,items/g0194.md,,no,
g0195,items/g0195.md,,no,
g0196,items/g0196.md,,no,
g0197,items/g0197.md,,no,
g0198,items/g0198.md,,no,
g0199,items/g0199.md,,no,
g0200,items/g0200.md,,no,
g0201,items/g0201.md,,no,
g0202,items/g0202.md,,no,
g0203,items/g0203.md,,no,
g0204,items/g0204.md,,no,
g0205,items/g0205.md,,no,
g0206,items/g0206.md,,no,
g0207,items/g0207.md,,no,
g0208,items/g0208.md,,no,
g0209,items/g0209.md,,no,
g0210,items/g0210.md,,no,
g0211,items/g0211.md,,no,
g0212,items/g0212.md,,no,
g0213,items/g0213.md,,no,
g0214,items/g0214.md,,no,
g0215,items/g0215.md,,no,
g0216,items/g0216.md,,no,
g0217,items/g0217.md,,no,
g0218,items/g0218.md,,no,
g0219,items/g0219.md,,no,
g0220,items/g0220.md,,no,
g0221,items/g0221.md,,no,
g0222,items/g0222.md,,no,
g0223,items/g0223.md,,no,
g0224,items/g0224.md,,no,
g0225,items/g0225.md,,no,
g0226,items/g0226.md,,no,
g0227,items/g0227.md,,no,
g0228,items/g0228.md,,no,
g0229,items/g0229.md,,no,
g0230,items/g0230.md,,no,
g0231,items/g0231.md,,no,
g0232,items/g0232.md,,no,
g0233,items/g0233.md,,no,
g0234,items/g0234.md,,no,
g0235,items/g0235.md,,no,
g0236,items/g0236.md,,no,
g0237,items/g0237.md,,no,
g0238,items/g0238.md,,no,
g0239,items/g0239.md,,no,
g0240,items/g0240.md,,no,
g0241,items/g0241.md,,no,
g0242,items/g0242.md,,no,
g0243,items/g0243.md,,no,
g0244,items/g0244.md,,no,
g0245,items/g0245.md,,no,
g0246,items/g0246.md,,no,
g0247,items/g0247.md,,no,
g0248,items/g0248.md,,no,
g0249,items/g0249.md,,no,
g0250,items/g0250.md,,no,
g0251,items/g0251.md,,no,
g0252,items/g0252.md,,no,
g0253,items/g0253.md,,no,
g0254,items/g0254.md,,no,
g0255,items/g0255.md,,no,
g0256,items/g0256.md,,no,
g0257,items/g0257.md,,no,
g0258,items/g0258.md,,no,
g0259,items/g0259.md,,no,
g0260,items/g0260.md,,no,
g0261,items/g0261.md,,no,
g0262,items/g0262.md,,no,
g0263,items/g0263.md,,no,
g0264,items/g0264.md,,no,
g0265,items/g0265.md,,no,
g0266,items/g0266.md,,no,
g0267,items/g0267.md,,no,
g0268,items/g0268.md,,no,
g0269,items/g0269.md,,no,
g0270,items/g0270.md,,no,
g0271,items/g0271.md,,no,
g0272,items/g0272.md,,no,
g0273,items/g0273.md,,no,
g0274,items/g0274.md,,no,
g0275,items/g0275.md,,no,
g0276,items/g0276.md,,no,
g0277,items/g0277.md,,no,
g0278,items/g0278.md,,no,
g0279,items/g0279.md,,no,
g0280,items/g0280.md,,no,
g0281,items/g0281.md,,no,
g0282,items/g0282.md,,no,
g0283,items/g0283.md,,no,
g0284,items/g0284.md,,no,
g0285,items/g0285.md,,no,
g0286,items/g0286.md,,no,
g0287,items/g0287.md,,no,
g0288,items/g0288.md,,no,
g0289,items/g0289.md,,no,
g0290,items/g0290.md,,no,
g0291,items/g0291.md,,no,
g0292,items/g0292.md,,no,
g0293,items/g0293.md,,no,
g0294,items/g0294.md,,no,
g0295,items/g0295.md,,no,
g0296,items/g0296.md,,no,
g0297,items/g0297.md,,no,
g0298,items/g0298.md,,no,
g0299,items/g0299.md,,no,
g0300,items/g0300.md,,no,
g0301,items/g0301.md,,no,
g0302,items/g0302.md,,no,
g0303,items/g0303.md,,no,
g0304,items/g0304.md,,no,
g0305,items/g0305.md,,no,
g0306,items/g0306.md,,no,
g0307,items/g0307.md,,no,
g0308,items/g0308.md,,no,
g0309,items/g0309.md,,no,
g0310,items/g0310.md,,no,
g0311,items/g0311.md,,no,
g0312,items/g0312.md,,no,
g0313,items/g0313.md,,no,
g0314,items/g0314.md,,no,
g0315,items/g0315.md,,no,
g0316,items/g0316.md,,no,
g0317,items/g0317.md,,no,
g0318,items/g0318.md,,no,
g0319,items/g0319.md,,no,
g0320,items/g0320.md,,no,
g0321,items/g0321.md,,no,
g0322,items/g0322.md,,no,
g0323,items/g0323.md,,no,
g0324,items/g0324.md,,no,
g0325,items/g0325.md,,no,
g0326,items/g0326.md,,no,
g0327,items/g0327.md,,no,
g0328,items/g0328.md,,no,
g0329,items/g0329.md,,no,
g0330,items/g0330.md,,no,
g0331,items/g0331.md,,no,
g0332,items/g0332.md,,no,
g0333,items/g0333.md,,no,
g0334,items/g0334.md,,no,
g0335,items/g0335.md,,no,
g0336,items/g0336.md,,no,
g0337,items/g0337.md,,no,
g0338,items/g0338.md,,no,
g0339,items/g0339.md,,no,
g0340,items/g0340.md,,no,
g0341,items/g0341.md,,no,
g0342,items/g0342.md,,no,
g0343,items/g0343.md,,no,
g0344,items/g0344.md,,no,
g0345,items/g0345.md,,no,
g0346,items/g0346.md,,no,
